Category,Description
Zathin,2.2
Otcom,2.6
Sub-Ex,2.5.5
Ronstring,1
Ventosanzap,9.15
Job,0.1.7
Tresom,9.86
Mat Lam Tam,0.71
Home Ing,2.75
Alphazap,9.64
Job,0.8
Bitwolf,7.09
Domainer,0.3.0
Viva,0.9.2
Daltfresh,6.6.3
Keylex,0.86
It,9.96
Flowdesk,0.5.4
Alpha,4.5.8
Bamity,7.28
Cardguard,7.91
Cookley,2.3.2
Transcof,7.77
Greenlam,7.1
Stringtough,0.7.2
Treeflex,5.7
Zathin,0.3.4
Treeflex,8.29
Kanlam,1.8
Daltfresh,4.4
Tresom,0.5.3
Job,3.1.1
Home Ing,0.3.7
Sonair,7.99
Fintone,0.38
Namfix,5.43
Rank,0.11
Bitchip,0.18
Konklab,2.6
Aerified,1.91
Home Ing,5.9.5
Bitwolf,0.22
Domainer,1.1
Veribet,0.1
Konklux,7.69
Temp,2.91
Flowdesk,0.3.9
Lotstring,5.1
Kanlam,0.99
Lotlux,1
Lotlux,0.55
Vagram,0.73
Ronstring,4.8.3
Asoka,6.0.9
Vagram,1.36
Span,0.19
Zoolab,6.3
Tresom,1.0.8
Vagram,4.4.5
Lotstring,0.73
Alphazap,3.6
Kanlam,0.92
Ronstring,6.67
Pannier,6.6.3
Stringtough,4.0.7
Voltsillam,0.49
Tempsoft,5.5.3
Latlux,2.1.6
Bamity,3.9
Cardify,9.38
Hatity,0.8.9
Redhold,5.98
Tampflex,6.57
Domainer,9.7.2
Stringtough,0.16
Tres-Zap,0.6.6
Ventosanzap,7.3
Tin,0.2.3
Tin,7.08
Stim,0.5.8
Flowdesk,3.8.5
Fix San,2.45
Viva,6.51
Holdlamis,8.6.6
Redhold,0.5.7
Biodex,0.37
Cookley,0.8.4
Bytecard,0.3.4
Overhold,8.2
Lotstring,2.9.9
Konklab,0.5.5
Aerified,0.8.3
Hatity,0.1.9
Voyatouch,1.2
Sonsing,2.6.7
Sub-Ex,6.4
Lotstring,1.8
Domainer,0.19
Quo Lux,4.03
Toughjoyfax,3.4
Zontrax,0.1.8
Temp,5.9.9
Toughjoyfax,1.41
Quo Lux,5.6.7
Bitwolf,1.2
Zathin,0.8.2
Flexidy,0.49
Quo Lux,2.1.9
Asoka,4.5
Cookley,0.7
Temp,1.5
Tin,0.5.7
Zathin,0.4.2
Tresom,5.2.7
Latlux,0.9.9
Bitchip,0.44
Vagram,5.8
Greenlam,7.69
Keylex,0.42
Quo Lux,8.9
Fix San,0.8.5
Matsoft,2.4
Job,1.6
Bitwolf,5.2
Cookley,0.58
Fix San,7.16
Biodex,7.4
Voltsillam,0.7.2
Trippledex,9.79
Biodex,0.81
Temp,1.8.4
Greenlam,4.5
Otcom,3.96
Latlux,0.1
Greenlam,5.9
Bitchip,4.98
Tampflex,5.3
Tampflex,3.1.9
Hatity,0.39
Flexidy,2.9
Stronghold,0.7.8
Opela,0.91
Wrapsafe,5.9.5
Tampflex,0.18
Andalax,0.5.0
Span,0.8.0
Zontrax,4.4.3
Tampflex,3.6
Quo Lux,3.8
Stronghold,0.6.2
Konklux,2.9.5
Treeflex,9.3.5
Cookley,5.4
Sonair,4.4
Treeflex,8.3
Y-find,1.09
Domainer,6.4.7
Sub-Ex,4.98
Trippledex,3.12
Kanlam,0.2.9
Toughjoyfax,1
Voltsillam,5.06
Zoolab,5.4
Cookley,5.4.8
Namfix,0.3.1
Aerified,0.49
Toughjoyfax,0.62
Lotstring,0.8.5
Holdlamis,5
Regrant,3.7
Treeflex,5.5
Konklux,2
Transcof,5
Quo Lux,6.8.1
Gembucket,0.77
Biodex,4.4.5
Asoka,9.3
Rank,0.58
Biodex,0.72
Alpha,0.15
Latlux,0.81
Cardify,6.14
Hatity,1.03
Cardify,0.7.4
Ventosanzap,7.39
Solarbreeze,9.3
Zontrax,1.25
Zamit,0.64
Konklux,3.07
Lotstring,0.4.0
Voltsillam,8.8
Konklab,7.45
Prodder,2.4
Zoolab,0.2.4
Tin,7.5.9
Temp,4.8
Regrant,0.9
Cookley,0.2.9
Gembucket,5.2
Lotlux,0.9.9
Span,0.41
Bitwolf,0.7.5
Kanlam,0.28
Matsoft,1.6.7
Bitchip,8.41
Veribet,0.65
Cardify,0.87
Bitchip,4.56
Fintone,6.13
Alpha,4.3.7
Biodex,7.5
Vagram,6.6.3
Tresom,0.34
Keylex,0.5.4
Sonsing,7
Alpha,0.5.2
Fix San,4.9.5
Viva,5.5
Lotlux,8.97
Tempsoft,6.2.7
Trippledex,4.6.7
Quo Lux,9.57
Gembucket,8.4
Tampflex,1.7.4
Namfix,7.6.1
Regrant,0.9
Ronstring,0.3.8
Overhold,0.9.7
Gembucket,8.5
Stronghold,2.3
Span,0.4.7
Fixflex,7.1
Tin,9.5
Sonair,9.47
Voyatouch,6.62
Stringtough,0.35
Alpha,5.3
Greenlam,4.3
Tresom,0.64
Overhold,6.59
Flexidy,5.8
Viva,0.84
Prodder,0.73
Transcof,2.1
Fix San,6.4
Fixflex,9.6
Flexidy,8.69
Toughjoyfax,0.2.7
Veribet,0.5.0
Zaam-Dox,0.1.9
Namfix,0.9.9
Asoka,0.84
Zathin,3.1
Veribet,0.1.1
Holdlamis,3.4.3
Rank,0.7.9
Andalax,0.4.5
Tin,0.8.2
Flexidy,0.2.5
Domainer,5.9.4
Latlux,2.5.0
Toughjoyfax,7.9
Otcom,2.15
Stronghold,8.6
Lotstring,0.21
Treeflex,5.1
Gembucket,0.4.1
Y-find,3.2.8
Alphazap,0.9
Alphazap,0.6.3
Lotstring,5.6
Andalax,9.5
Vagram,0.91
Zontrax,4.4.0
Temp,8.6
Trippledex,1.1
Transcof,9.3
Namfix,4.4.8
Home Ing,8.03
Lotstring,5.29
Greenlam,1.9
Sonsing,5.3.9
Cardguard,9.8.8
Treeflex,8.9.6
Sonsing,5.2.9
Bigtax,0.3.7
Opela,9.0.3
Stronghold,0.46
Zoolab,1.3
Zathin,5.8.7
Fix San,5.4
Job,0.8.4
Asoka,0.2.2
Sonsing,3.56
Holdlamis,6
Hatity,7.4
Wrapsafe,0.5.7
Wrapsafe,0.3.4
Viva,0.35
Keylex,6.2
Y-Solowarm,9.17
Zathin,0.8.5
Regrant,0.39
Cardguard,9.3
Solarbreeze,9.7.8
Voltsillam,0.8
Solarbreeze,8.7
Kanlam,1.3
Domainer,0.6.5
Lotstring,9.2
Regrant,0.2.9
Ventosanzap,0.71
Tempsoft,0.5.8
Zathin,0.1.0
Span,0.1.7
Span,5.2
Stim,0.4.6
Viva,4.22
Domainer,7
Tin,1.1.2
Sonsing,8.6.5
Tresom,2.6
Ronstring,6.0.6
Sonsing,6.3.6
Fixflex,0.51
Regrant,3.39
Prodder,0.4.2
Asoka,0.5.6
It,6.7
Y-Solowarm,9
Konklab,0.5.8
Domainer,6.92
Redhold,3.24
Bitchip,0.62
Sub-Ex,1.4
Job,8.1
Redhold,3.6.8
Stringtough,2.2.6
Rank,0.6.2
Latlux,2.9.9
Duobam,1
Daltfresh,2.25
Y-find,3.83
Viva,2.3.4
Zamit,6.2
Toughjoyfax,1.6
Cookley,0.9.1
Daltfresh,4.5
Tampflex,7.4
Y-find,1.36
Voyatouch,3.07
Temp,8.5.4
Sub-Ex,4.4.1
Kanlam,0.5.8
Pannier,0.2.9
Subin,6.2.6
Stronghold,7.77
Temp,2.6
Job,7.1.2
Biodex,0.83
Quo Lux,0.79
Opela,0.2.6
Greenlam,0.38
Tres-Zap,0.17
Greenlam,0.1.4
Keylex,5.1.2
Bigtax,0.6.3
Latlux,0.7.2
Fintone,0.18
Fintone,0.1.9
Otcom,1.8
Tempsoft,0.6.6
Stim,7.3.0
Wrapsafe,0.46
Sub-Ex,0.2.4
Tres-Zap,0.4.9
Namfix,5.7.9
Vagram,5.1
Konklab,5.6.0
Zamit,0.7.7
Latlux,0.65
Overhold,3.58
Bitwolf,2.6.7
Redhold,0.34
It,4.0.7
Overhold,9.0.4
Rank,0.7.8
Stringtough,0.28
Stringtough,9.3
Duobam,3.3.9
Treeflex,0.29
Fintone,0.2.5
Fix San,0.62
Flowdesk,9.9
Tres-Zap,0.53
Duobam,7.9.1
Span,0.5.9
Latlux,1.58
Stringtough,5.3
Toughjoyfax,2.81
Matsoft,3.78
Prodder,0.53
Bitwolf,5.3.7
Zaam-Dox,0.1.6
Vagram,0.95
Flowdesk,0.78
Prodder,3.3
Voyatouch,5.2.1
Fintone,0.6.1
Sonair,4.6.4
Y-find,4.7
Job,0.62
Keylex,3.2.0
Bigtax,3.2.8
Domainer,0.2.1
Flexidy,0.68
Lotlux,4.8
Sub-Ex,2.99
Daltfresh,4.27
Namfix,4.7.8
Y-find,0.89
Konklux,0.79
Flowdesk,0.7.4
Fintone,7.2
Toughjoyfax,1.12
Vagram,0.9.8
Regrant,9.92
Latlux,1.4
Temp,7.2.9
Span,1.83
Home Ing,4.7.6
Quo Lux,0.64
Y-find,6.08
Hatity,5.4
Bigtax,5.5
Zamit,1.0.1
Job,5.79
Toughjoyfax,3.1
Transcof,7.8
Sub-Ex,8.32
Home Ing,0.4.9
Greenlam,2.6
Bamity,6.1.5
Tin,0.29
Home Ing,8.2
Pannier,1.61
It,8.2
Y-find,0.32
It,0.33
Y-Solowarm,8.7
Solarbreeze,0.77
Biodex,7.0.7
Overhold,0.6.4
Tres-Zap,5.9.1
Alphazap,7.93
Cardify,0.55
Viva,6.3.0
Zathin,1.1.8
Wrapsafe,0.94
Alphazap,0.8.7
Redhold,0.2.0
Duobam,1.07
Matsoft,2
Otcom,5.4.7
Quo Lux,0.87
Stim,0.7.1
Span,0.1.4
Fintone,8.6.6
Alpha,0.53
Fixflex,3.1.7
Viva,2.18
Veribet,2.1.2
Konklab,6.9.5
Job,6.6.3
Opela,0.95
Tin,2.27
Quo Lux,8.4.2
Namfix,0.1.9
Otcom,0.6
Fixflex,0.7.0
Span,9.35
Treeflex,0.7
Keylex,4.9
Job,8.11
Treeflex,0.9.9
Zaam-Dox,0.26
Opela,9.21
Asoka,0.2.4
Bamity,7.4.8
Cookley,5.5.7
Y-find,0.8.8
Latlux,0.1
Matsoft,1.5
Andalax,0.11
Cookley,0.4.1
Redhold,1.2
Ronstring,0.27
Cookley,1.5
Quo Lux,1.2.4
Otcom,3.8
Asoka,2.93
Keylex,5.9.0
Latlux,5.3.4
Regrant,0.3.9
Greenlam,9.24
Zamit,1.5.8
Tin,8.6
Hatity,5.6.2
Hatity,3.3
Ventosanzap,2.8
Vagram,1.5
Keylex,9.68
Domainer,0.71
Cardify,6.03
Hatity,0.29
Sonsing,5.9.8
Redhold,5.5
Konklux,0.28
It,0.9.2
Latlux,7.0.7
Sub-Ex,0.3.2
Ronstring,6.6
Job,0.4.0
Bitchip,5.1
Hatity,0.6.2
Domainer,9.8.4
Greenlam,3.55
Zathin,0.98
Sub-Ex,1.8
Latlux,3.04
Asoka,0.6.8
Redhold,0.45
Bigtax,0.1.4
Zathin,0.1.9
Treeflex,0.2.7
Alphazap,4.6.4
Fintone,0.43
Treeflex,0.29
Subin,4.9
Y-Solowarm,5.8
Daltfresh,0.21
Job,0.27
Zoolab,5.1.3
Tresom,4.15
Regrant,0.95
Tresom,8.9
Stringtough,0.6.5
Y-Solowarm,0.81
Toughjoyfax,0.1
Subin,0.6.5
Biodex,0.91
Vagram,2
Latlux,0.14
Sub-Ex,9.7
Treeflex,0.1.7
Cardify,6.2.4
It,0.7.6
Hatity,4.79
Temp,0.8.4
Bitwolf,2.82
Zoolab,0.12
Zamit,5.1
Tres-Zap,1.63
Cardguard,3.69
Andalax,1.5
Alpha,0.9.1
Konklab,9.3
Voyatouch,0.93
Redhold,0.4.7
It,3.95
Bitchip,1.5
Voyatouch,0.39
Treeflex,0.5.6
Alpha,0.4
Vagram,5.1
Y-Solowarm,6.86
Lotlux,9.3.5
Duobam,2.8.0
Overhold,0.56
Fintone,0.5
Opela,5.6
Aerified,2.35
Hatity,7.9
Cardify,2.4
Job,5.0.7
Keylex,7.27
Latlux,7.19
Y-find,9.4.3
Keylex,5.3
Tin,0.39
Toughjoyfax,0.59
Opela,6
Treeflex,6.93
Tampflex,1.41
Veribet,2.8
Stim,0.85
Overhold,0.54
Alphazap,1.9.5
Lotstring,2.4
Alpha,0.9.3
Stringtough,2.2.0
Toughjoyfax,1.2.1
Kanlam,5.44
Tresom,3.4.9
Subin,0.3.5
Stronghold,0.1.1
Greenlam,9.34
Latlux,6.5.8
Overhold,9.5
Viva,3.9.1
Bytecard,9.0.5
Voyatouch,2.8
Keylex,4.6.3
Y-find,0.56
Andalax,0.6.6
Ronstring,4.69
Matsoft,0.84
Job,4.7.8
Quo Lux,2.03
Gembucket,0.26
Home Ing,6.32
Mat Lam Tam,6.1
Stim,3.1.8
Toughjoyfax,0.1.0
Namfix,8.5
Hatity,0.9.0
Bamity,0.24
Tampflex,3.07
Y-find,3.76
Tres-Zap,3.4.4
Voyatouch,4.9.0
Sonsing,4.1
Voltsillam,9.92
Stringtough,9.9
Wrapsafe,0.7.8
Redhold,7.6.5
Flexidy,0.4.8
Pannier,3.56
Holdlamis,9
Greenlam,7.34
Alphazap,7.9
Veribet,0.7
Rank,0.9.9
Bitchip,0.48
Cardify,0.5.6
Treeflex,2.0.3
Mat Lam Tam,0.5.4
Bitchip,0.1.4
Bitwolf,9.85
Latlux,0.22
Bitwolf,0.7.3
Opela,0.2.3
Hatity,9.81
Opela,2.6.1
It,0.4.3
Domainer,0.4.9
Overhold,3.0.8
Bigtax,4.52
Cardguard,6.5
Voyatouch,0.4.9
Y-find,0.7.2
It,9.5.1
Redhold,0.66
Lotstring,4.1
Sonair,0.94
Sub-Ex,0.64
Flowdesk,9.0.9
Bitwolf,9.8.7
Span,4.83
Latlux,3.1.2
Stim,0.48
Redhold,0.3.5
Gembucket,0.1.1
Domainer,5
Biodex,5.62
Gembucket,0.79
Zathin,7.2
Prodder,1.4.9
Span,9.85
Lotlux,0.9.1
Duobam,8.8
Cookley,0.6.6
Matsoft,1.1.9
Duobam,0.5.1
Fix San,1.5
Pannier,2.7
Treeflex,8.9
Stringtough,0.87
Opela,3
Fix San,0.73
Cardguard,1.44
Stringtough,0.4.3
Tresom,4.3.9
Regrant,0.1.0
Daltfresh,6.12
Konklab,2.2
Sonair,9.2
Treeflex,3.64
Konklab,0.29
Stringtough,3.6.2
Greenlam,2.5.9
Alphazap,0.9.6
Zamit,8
Domainer,4.2
Opela,0.9.3
Viva,0.69
Stronghold,0.69
Treeflex,8.2
Stronghold,6.87
Treeflex,1.3
Opela,0.4.0
Tin,9.4
Y-Solowarm,0.1.1
Wrapsafe,7.5
Flexidy,5.4.2
Biodex,7.5.6
Flowdesk,0.1.5
Alphazap,4.1
Greenlam,3.5
Sonair,0.95
Rank,0.6.1
Gembucket,2.67
Alpha,5.3.2
Kanlam,0.1.8
Opela,0.42
Sonsing,1.33
Bitwolf,7
Flexidy,2.7
Tres-Zap,4
Namfix,9.3.9
Wrapsafe,4.4
Fintone,8.8.8
Fix San,0.5.2
Zontrax,4
Keylex,0.68
Regrant,9.73
Transcof,9.9.9
Holdlamis,8.97
Ventosanzap,2.72
Toughjoyfax,5.3
Greenlam,9.8.2
Sonsing,6.3.7
Trippledex,0.9.1
Zontrax,0.1.1
Tempsoft,0.8.2
Wrapsafe,7.67
Stringtough,7.43
Vagram,7.4.1
Pannier,4.53
Y-Solowarm,7.07
Prodder,0.6.4
Zoolab,4.54
Duobam,4.8
Y-Solowarm,8.7.0
Cookley,2.54
Wrapsafe,5.1
Veribet,6.03
Tres-Zap,0.91
Zaam-Dox,6.57
Matsoft,3.8
Otcom,0.86
Mat Lam Tam,1.01
Holdlamis,0.6.6
Voyatouch,0.2.1
Voltsillam,5.1
Y-find,2.9.9
Holdlamis,1.9
Tampflex,0.95
Bamity,0.58
Fixflex,0.2.4
Duobam,2.8.5
Fixflex,3.4
Overhold,0.54
Andalax,0.7.7
It,3.5.9
Stringtough,3.7
Bitchip,4.18
Flowdesk,5.3
Trippledex,0.45
Veribet,3.7.1
Zaam-Dox,0.7.2
Cardguard,0.29
Bamity,1.7.6
Asoka,0.25
Solarbreeze,3.6.5
Toughjoyfax,3.7
Opela,8.59
Trippledex,0.59
Tin,7.83
Rank,0.56
Veribet,6.9.9
Holdlamis,2
Mat Lam Tam,0.53
Namfix,0.6.5
Fintone,1.81
Tampflex,0.3
Zoolab,5.2
Greenlam,9.9.0
Sonsing,0.9.5
Zoolab,0.51
Aerified,8.73
Zoolab,4.9
Latlux,0.97
Prodder,5.9
Zathin,0.54
Aerified,3.8
Andalax,5.0.9
Cookley,0.94
Home Ing,0.7
Stronghold,0.67
Treeflex,0.5
Tresom,5.4.6
Hatity,2.5
Domainer,7.7.0
Cardify,0.98
Tampflex,5.78
Namfix,0.7.3
Ronstring,7.12
Opela,0.18
Temp,0.8.9
Lotlux,5.79
Lotlux,0.31
Bitwolf,0.1
Transcof,0.3.9
Vagram,4.8.5
Zontrax,0.9.8
Voltsillam,0.1
Fix San,8.3
Sonsing,0.34
Flexidy,8
Regrant,0.81
Lotlux,2.11
Tin,6.1.8
Konklab,1.28
Pannier,5.4
Home Ing,1.4.1
Transcof,0.99
Stim,0.5.1
Namfix,0.92
Tresom,7.2.1
Matsoft,3.8.2
Flowdesk,6.4
Domainer,0.2.4
It,4.5
Job,3.3
Treeflex,5.83
Cardguard,5.02
Namfix,6.04
Aerified,8.2
Biodex,0.31
Daltfresh,3.9
Otcom,2.3.0
Redhold,0.6.4
Tin,9.7
Aerified,5.88
Holdlamis,9.3
Fix San,2.9
Subin,8
Tampflex,7.9
Bigtax,1.53
Lotlux,2.6.7
Cookley,5.94
Greenlam,2.1.9
Tin,1.2.3
Span,0.6.7
Alphazap,9.2
Cookley,6.5
Tresom,0.65
Zontrax,1.5
Tres-Zap,1.4
Voyatouch,0.85
Konklab,0.21
Kanlam,0.14
Sub-Ex,4.05
Opela,2.58
Stronghold,6.29
Konklab,0.31
Wrapsafe,9.3
Cardguard,0.51
Namfix,0.8.0
Namfix,7.7
Rank,8.0.2
Tres-Zap,6.1.3
Zamit,0.53
Ventosanzap,0.44
Gembucket,0.38
Voltsillam,1.7
Solarbreeze,0.4
Sub-Ex,0.58
Andalax,8.9.4
Job,6.63
Vagram,0.3.2
Lotlux,0.8.6
Matsoft,6.52
Voltsillam,0.6.0
Zamit,0.8.2
Prodder,0.2.6
Tin,9.93
It,1.3
Konklux,8.04
Temp,3.7
Tres-Zap,0.75
Lotstring,4.91
Wrapsafe,7.1
Alpha,2.5
Konklab,0.52
It,6.5
Kanlam,0.2.7
Stronghold,9.3.6
Temp,0.15
Quo Lux,0.8.6
Stronghold,6.47
Greenlam,2.1
Greenlam,2.4
Zamit,4.1.2
Viva,4.24
Stronghold,3.45
Tres-Zap,0.9.8
Voltsillam,1.9
Sub-Ex,0.2.9
Duobam,0.3.8
Rank,0.38
Zamit,3.2.1
Fintone,8.0.4
Tres-Zap,0.77
Redhold,3.5.1
Stim,5
Pannier,0.7.7
Bigtax,7.0.4
Zoolab,0.56
Andalax,0.8.7
Alphazap,0.45
Tampflex,6.83
Solarbreeze,1.1.2
Voltsillam,0.8.3
Solarbreeze,9.82
Matsoft,0.6
Redhold,5.7.0
Fix San,7.94
Fix San,4.3.6
Lotstring,7.51
Lotstring,0.5.9
Andalax,0.14
Lotlux,9.1
Fintone,6.4.0
Kanlam,0.57
Zoolab,8.0.3
Lotstring,1.8.6
Mat Lam Tam,9.6
Lotlux,3.4.7
Regrant,4.7.6
Sub-Ex,0.2.8
Lotlux,2.28
Daltfresh,0.8.2
Viva,7.6.5
Opela,9.8.1
Voyatouch,8.6.8
Domainer,0.4.7
Y-find,0.71
Kanlam,0.92
Otcom,6.1.7
Solarbreeze,3.3.1
Stim,2.1
Bigtax,9.87
Lotlux,7.9
Fintone,0.8.0
Ventosanzap,0.38
Pannier,7.5
Bigtax,0.9.2
Prodder,3.59
Sonair,6.13
Namfix,3.04
Namfix,6.09
Viva,7.77
Matsoft,8.1
Flowdesk,8.2.3
Sub-Ex,1.29
Viva,0.96
Stim,0.5.4
Zamit,0.48
Fixflex,0.3.6
Trippledex,3.89
Transcof,0.9.7
Ronstring,6.3.2
Job,5.25
Tampflex,4.38
Holdlamis,0.9.9
Zontrax,0.4.9
Trippledex,7.36
Duobam,1.27
Trippledex,3
Otcom,0.7.4
Sub-Ex,0.65
Holdlamis,7
Zoolab,0.56
Alphazap,0.9.4
Cardguard,3
Stim,8.0.5
Keylex,0.88
Kanlam,0.2.1
