first_name,last_name,email
Talia,Finnan,tfinnan0@fastcompany.com
Mychal,Rockcliffe,mrockcliffe1@cornell.edu
See,Maggiore,smaggiore2@un.org
Stacy,Belfield,sbelfield3@sciencedaily.com
Hoyt,Camellini,hcamellini4@51.la
Symon,Harrowing,sharrowing5@360.cn
Reggy,Bygott,rbygott6@artisteer.com
Beniamino,Somerlie,bsomerlie7@biglobe.ne.jp
Janice,Ambrosini,jambrosini8@mayoclinic.com
Gennie,Goldes,ggoldes9@bloglines.com
Maridel,Weatherburn,mweatherburna@ibm.com
Esteban,Beavington,ebeavingtonb@alibaba.com
Chrystel,Bettis,cbettisc@github.com
Maurise,Aloshechkin,maloshechkind@goo.gl
Brooke,Kesby,bkesbye@studiopress.com
Trenna,Egdell,tegdellf@soup.io
Katalin,Chiddy,kchiddyg@blog.com
Egon,Duffan,eduffanh@about.me
Anthia,Geibel,ageibeli@usda.gov
Mortie,Kneaphsey,mkneaphseyj@nhs.uk
Alonzo,Mattiuzzi,amattiuzzik@theatlantic.com
Britney,Washington,bwashingtonl@gizmodo.com
Augustine,Gomme,agommem@w3.org
Araldo,Hinksen,ahinksenn@ucoz.ru
Laetitia,Senechault,lsenechaulto@blogtalkradio.com
Klarika,Allwood,kallwoodp@businesswire.com
Tessa,Shapcott,tshapcottq@pen.io
Raychel,Knight,rknightr@google.com.br
Martin,Cayette,mcayettes@wp.com
Neysa,Pittock,npittockt@comsenz.com
Susie,Sherrard,ssherrardu@ibm.com
Mabelle,Drinkhall,mdrinkhallv@hexun.com
Karlee,Horrell,khorrellw@list-manage.com
Audrey,Larvent,alarventx@soup.io
Vanya,Lightollers,vlightollersy@businessweek.com
Dulcie,Gilbanks,dgilbanksz@buzzfeed.com
Codie,Illsley,cillsley10@t-online.de
Carrol,Dudley,cdudley11@nasa.gov
Hayyim,Enser,henser12@oracle.com
Arri,Sadd,asadd13@hud.gov
Carissa,Morrott,cmorrott14@newsvine.com
Damara,Hekkert,dhekkert15@rambler.ru
Ava,Cloughton,acloughton16@shutterfly.com
Jasper,Crowden,jcrowden17@paginegialle.it
Reed,Redsall,rredsall18@nbcnews.com
Reta,Rockliffe,rrockliffe19@1und1.de
Melanie,Ahlin,mahlin1a@globo.com
Ninnette,Copner,ncopner1b@reddit.com
Lind,Tevlin,ltevlin1c@fc2.com
Lindsey,Borland,lborland1d@amazon.co.jp
Trumann,Longden,tlongden1e@cargocollective.com
Bibbie,Harrison,bharrison1f@weather.com
Eveleen,Bowmaker,ebowmaker1g@nba.com
Sharona,Delacoste,sdelacoste1h@sitemeter.com
Velvet,Chappell,vchappell1i@reference.com
Sallie,Dolohunty,sdolohunty1j@youku.com
Goran,Mallard,gmallard1k@cyberchimps.com
Allin,Vanezis,avanezis1l@cdbaby.com
Annabel,Ruggen,aruggen1m@boston.com
Sabra,Wickstead,swickstead1n@quantcast.com
Agretha,Hunsworth,ahunsworth1o@gravatar.com
Homer,Bullan,hbullan1p@ezinearticles.com
Jacklyn,Archard,jarchard1q@yahoo.co.jp
Niki,Bockler,nbockler1r@alexa.com
Fanny,Dhennin,fdhennin1s@berkeley.edu
Faber,Daftor,fdaftor1t@google.de
Hyacinthie,Trevaskus,htrevaskus1u@com.com
Rubi,Fayer,rfayer1v@ning.com
Nesta,Jasper,njasper1w@biblegateway.com
Mayor,Jolliffe,mjolliffe1x@ucoz.com
Isadore,Allebone,iallebone1y@huffingtonpost.com
Tarrance,Effemy,teffemy1z@nymag.com
Winni,Douberday,wdouberday20@uiuc.edu
Adolphe,Tapper,atapper21@people.com.cn
Amitie,Pulford,apulford22@behance.net
Kimberlyn,McTeer,kmcteer23@phpbb.com
Cathrin,Lipgens,clipgens24@ycombinator.com
Cecile,Layhe,clayhe25@usnews.com
Lishe,Flecknell,lflecknell26@zdnet.com
Ariela,Reagan,areagan27@squarespace.com
Filbert,Kettleson,fkettleson28@desdev.cn
Joelly,Rown,jrown29@yahoo.co.jp
Penn,Costanza,pcostanza2a@tiny.cc
Lexis,Jowle,ljowle2b@disqus.com
Ag,Crampin,acrampin2c@acquirethisname.com
Lisbeth,Farnell,lfarnell2d@istockphoto.com
Dorrie,Vigars,dvigars2e@hubpages.com
Lucais,Mount,lmount2f@marriott.com
Richard,Akester,rakester2g@theglobeandmail.com
Eudora,Breddy,ebreddy2h@auda.org.au
Dorrie,Whissell,dwhissell2i@wp.com
Tressa,Ledram,tledram2j@omniture.com
Aimil,Hails,ahails2k@sun.com
Ethelred,Lumm,elumm2l@google.de
Cassie,Jarrold,cjarrold2m@ft.com
Phoebe,Tonbye,ptonbye2n@zdnet.com
Aeriela,Egel,aegel2o@biblegateway.com
Henrieta,Goddman,hgoddman2p@youku.com
L;urette,Coulbeck,lcoulbeck2q@wordpress.com
Euell,Dovidian,edovidian2r@csmonitor.com
Emlen,Stancer,estancer2s@answers.com
Mareah,Huckett,mhuckett2t@typepad.com
Hadleigh,Vallentin,hvallentin2u@hibu.com
Eleni,Sawdy,esawdy2v@de.vu
Thorstein,Fyldes,tfyldes2w@blogspot.com
Luca,Pocke,lpocke2x@jimdo.com
Washington,Skupinski,wskupinski2y@prlog.org
Maximo,Guillond,mguillond2z@china.com.cn
Orbadiah,Ratlee,oratlee30@nba.com
Amargo,Flewan,aflewan31@ox.ac.uk
Matthaeus,Piatek,mpiatek32@yale.edu
Alleyn,Hulance,ahulance33@a8.net
Idell,Signoret,isignoret34@fc2.com
Oren,Raynard,oraynard35@baidu.com
Fergus,Buswell,fbuswell36@ca.gov
Bradney,Jahner,bjahner37@mashable.com
Lenci,Bew,lbew38@drupal.org
Cloris,Deport,cdeport39@zimbio.com
Sheila-kathryn,Lechelle,slechelle3a@amazon.de
Fannie,Gurry,fgurry3b@dagondesign.com
Essa,Crehan,ecrehan3c@weather.com
Beth,Rubenov,brubenov3d@unblog.fr
Bartlet,Albin,balbin3e@thetimes.co.uk
Jacques,Haye,jhaye3f@sciencedaily.com
Wade,Castellone,wcastellone3g@uol.com.br
Rebeka,Loutheane,rloutheane3h@ibm.com
Renee,Earlam,rearlam3i@webeden.co.uk
Matthew,De Bischof,mdebischof3j@sbwire.com
Shara,Meneux,smeneux3k@yellowbook.com
Saudra,Flescher,sflescher3l@cmu.edu
Yankee,Kiddie,ykiddie3m@google.com.br
Sophie,Peddersen,speddersen3n@creativecommons.org
Lacie,Ashwell,lashwell3o@live.com
Lind,Oakeby,loakeby3p@dedecms.com
Jayme,Oldnall,joldnall3q@woothemes.com
Loria,Nursey,lnursey3r@mit.edu
Candi,Dumberrill,cdumberrill3s@disqus.com
Borg,Ellin,bellin3t@adobe.com
Niki,Talby,ntalby3u@google.fr
Fabe,Clappson,fclappson3v@pcworld.com
Atlante,Sidebotton,asidebotton3w@stumbleupon.com
Aubert,Honniebal,ahonniebal3x@weebly.com
Heinrick,Tweedlie,htweedlie3y@reuters.com
Myrna,Trewhitt,mtrewhitt3z@usda.gov
Marijn,Pearce,mpearce40@dailymail.co.uk
Clive,Ricardo,cricardo41@typepad.com
Karita,Klicher,kklicher42@vimeo.com
Mada,Daouze,mdaouze43@rambler.ru
Delaney,Gamlyn,dgamlyn44@deliciousdays.com
Ximenez,Fawke,xfawke45@photobucket.com
Carling,Carlyle,ccarlyle46@un.org
Billie,Jaspar,bjaspar47@ustream.tv
Verine,Menichini,vmenichini48@berkeley.edu
Eloise,Siddons,esiddons49@myspace.com
Beulah,Skechley,bskechley4a@virginia.edu
Joaquin,Balleine,jballeine4b@amazon.co.jp
Eb,Mandifield,emandifield4c@indiegogo.com
Martynne,Grimes,mgrimes4d@opera.com
Tory,Kitchiner,tkitchiner4e@huffingtonpost.com
Kristofor,Labet,klabet4f@arstechnica.com
Ansley,Moulster,amoulster4g@apache.org
Buckie,Cockerton,bcockerton4h@dedecms.com
Roxana,Cicco,rcicco4i@nih.gov
Gizela,Mooring,gmooring4j@ifeng.com
August,Shawcross,ashawcross4k@behance.net
Gary,Hallbord,ghallbord4l@mysql.com
Mavra,Trundler,mtrundler4m@jimdo.com
Julita,Brodeur,jbrodeur4n@shop-pro.jp
Andrea,Blaine,ablaine4o@bandcamp.com
Tera,Faithorn,tfaithorn4p@sitemeter.com
Louisette,Gatherer,lgatherer4q@google.com.au
Brnaby,Laffan,blaffan4r@cam.ac.uk
Barty,Alliker,balliker4s@acquirethisname.com
Alanson,La Rosa,alarosa4t@washington.edu
Georgeanne,Gallanders,ggallanders4u@wired.com
Emeline,Kluge,ekluge4v@xing.com
Marni,Dmtrovic,mdmtrovic4w@hubpages.com
Marcello,Dakers,mdakers4x@bigcartel.com
Derril,Meric,dmeric4y@hibu.com
Roxine,Durrad,rdurrad4z@ucsd.edu
Bevvy,Dockrey,bdockrey50@amazon.com
Steffie,Summerbell,ssummerbell51@apple.com
Roxanna,Imlacke,rimlacke52@hc360.com
Garrek,Sedgmond,gsedgmond53@dot.gov
Izabel,Prisk,iprisk54@comsenz.com
Xever,Petofi,xpetofi55@forbes.com
Sibbie,Shardlow,sshardlow56@who.int
Leola,Gooke,lgooke57@surveymonkey.com
Dov,Thistleton,dthistleton58@seattletimes.com
Morna,McLae,mmclae59@japanpost.jp
Nannette,Kivlehan,nkivlehan5a@harvard.edu
Shaylyn,Barritt,sbarritt5b@e-recht24.de
Chris,Wille,cwille5c@diigo.com
Dorthea,Bellhouse,dbellhouse5d@salon.com
Aigneis,Fortye,afortye5e@illinois.edu
Esta,Tatum,etatum5f@goo.gl
Chloe,Skitral,cskitral5g@nih.gov
Wake,Petrovic,wpetrovic5h@list-manage.com
Stacey,Cuddehy,scuddehy5i@nhs.uk
Eugen,John,ejohn5j@guardian.co.uk
Baxter,Crowdace,bcrowdace5k@dedecms.com
Lamont,Fateley,lfateley5l@biglobe.ne.jp
Thoma,Matson,tmatson5m@g.co
Cletis,Debney,cdebney5n@examiner.com
Grata,Kroin,gkroin5o@google.nl
Lorna,Cuttelar,lcuttelar5p@oaic.gov.au
Helsa,Thoresby,hthoresby5q@go.com
Barnie,Honisch,bhonisch5r@about.com
Ker,Yaus,kyaus5s@wisc.edu
Penny,Meriton,pmeriton5t@sakura.ne.jp
Joel,Feehily,jfeehily5u@blog.com
Waneta,Nathon,wnathon5v@skyrock.com
Gabe,Lutzmann,glutzmann5w@istockphoto.com
Antonella,Ludvigsen,aludvigsen5x@tmall.com
Bartholomeus,Tofful,btofful5y@trellian.com
Sibley,Douglass,sdouglass5z@census.gov
Adora,Hodgen,ahodgen60@diigo.com
Debbi,Sulley,dsulley61@e-recht24.de
Cobbie,Brandoni,cbrandoni62@weather.com
Kare,Amori,kamori63@diigo.com
Goddart,Gauden,ggauden64@naver.com
Wendel,Twiddle,wtwiddle65@springer.com
Alameda,Stivers,astivers66@quantcast.com
Ameline,Woolcocks,awoolcocks67@yahoo.com
Rab,Garment,rgarment68@state.gov
Bealle,McKain,bmckain69@ifeng.com
Cirstoforo,Stillman,cstillman6a@adobe.com
Bobbie,Licquorish,blicquorish6b@toplist.cz
Annamarie,Leslie,aleslie6c@linkedin.com
Joleen,Arnoll,jarnoll6d@illinois.edu
Coral,Ewen,cewen6e@jiathis.com
Kristine,Huyche,khuyche6f@unesco.org
Casie,Hairon,chairon6g@parallels.com
Morton,Gipp,mgipp6h@europa.eu
Giuditta,Woodyeare,gwoodyeare6i@indiatimes.com
Amos,Crickmer,acrickmer6j@yahoo.com
Naoma,Bischoff,nbischoff6k@bizjournals.com
Dugald,Espinoza,despinoza6l@ow.ly
Bobby,Jaffa,bjaffa6m@biblegateway.com
Kalinda,Caws,kcaws6n@flickr.com
Jackie,Simper,jsimper6o@fotki.com
Jerrylee,Allsup,jallsup6p@mtv.com
Roshelle,Gilleson,rgilleson6q@google.com.br
Lucretia,Dowd,ldowd6r@phoca.cz
Cletus,Seabrook,cseabrook6s@posterous.com
Thurstan,Garrique,tgarrique6t@de.vu
Waylen,Walburn,wwalburn6u@shop-pro.jp
Rogerio,Claypool,rclaypool6v@shareasale.com
Janna,Barnhill,jbarnhill6w@geocities.jp
Benoite,Goldthorp,bgoldthorp6x@bloglovin.com
Addy,Wycliffe,awycliffe6y@dyndns.org
Leroy,Scogin,lscogin6z@adobe.com
Elspeth,Rendbaek,erendbaek70@biglobe.ne.jp
Lonni,Foxcroft,lfoxcroft71@com.com
Corny,Arkill,carkill72@hud.gov
Marcus,Wonter,mwonter73@chicagotribune.com
Fremont,Konke,fkonke74@spotify.com
Ariel,Collete,acollete75@blog.com
Jasun,Aguirrezabala,jaguirrezabala76@va.gov
Auria,Calwell,acalwell77@oakley.com
Lin,Keenleyside,lkeenleyside78@walmart.com
Janot,Henkmann,jhenkmann79@bloglovin.com
Carmelina,Ottewell,cottewell7a@cnn.com
John,Claricoates,jclaricoates7b@cornell.edu
Emanuele,Cess,ecess7c@symantec.com
Katrinka,Haselup,khaselup7d@dyndns.org
Stanford,Canedo,scanedo7e@360.cn
Anitra,Mallord,amallord7f@seesaa.net
Panchito,Biagini,pbiagini7g@sogou.com
Madella,Hadlow,mhadlow7h@msn.com
Jule,Murr,jmurr7i@google.com.au
Bride,Fletcher,bfletcher7j@meetup.com
Casey,Mabb,cmabb7k@goo.gl
Dionisio,Patching,dpatching7l@ucsd.edu
Lise,Odd,lodd7m@technorati.com
Bertrando,Strelitzki,bstrelitzki7n@twitter.com
Carie,Geraldini,cgeraldini7o@themeforest.net
Winston,Illidge,willidge7p@tuttocitta.it
Zeke,Kener,zkener7q@soundcloud.com
Carolann,Garbar,cgarbar7r@mac.com
Trish,Summerside,tsummerside7s@chicagotribune.com
Ludovika,McCaughey,lmccaughey7t@paginegialle.it
Carmela,Haldene,chaldene7u@cbc.ca
Rogers,Meatcher,rmeatcher7v@geocities.jp
Donna,Bachelar,dbachelar7w@jimdo.com
Jemie,Wathen,jwathen7x@imgur.com
Rosabella,Comino,rcomino7y@people.com.cn
Shawn,Messitt,smessitt7z@ning.com
Fernandina,Bradfield,fbradfield80@studiopress.com
Odelia,Harper,oharper81@angelfire.com
Karyl,Allnutt,kallnutt82@bravesites.com
Vernor,Crush,vcrush83@vkontakte.ru
Moore,Mainds,mmainds84@ibm.com
Roselle,Pfaffel,rpfaffel85@auda.org.au
Paige,Date,pdate86@e-recht24.de
Brittan,Jermy,bjermy87@globo.com
Keane,Travis,ktravis88@indiatimes.com
Hildy,Marlow,hmarlow89@bravesites.com
Constancia,Bricket,cbricket8a@123-reg.co.uk
Louella,Manuelli,lmanuelli8b@freewebs.com
Alexine,Bernocchi,abernocchi8c@gmpg.org
Barth,Pagen,bpagen8d@yahoo.com
Olivette,Reisin,oreisin8e@mlb.com
Onofredo,Munnings,omunnings8f@flickr.com
Mary,Tilbury,mtilbury8g@sciencedirect.com
Allison,Ellam,aellam8h@loc.gov
Gloriana,Siverns,gsiverns8i@odnoklassniki.ru
Mattie,Bachura,mbachura8j@phpbb.com
Kiley,Audritt,kaudritt8k@webmd.com
Tresa,Franciskiewicz,tfranciskiewicz8l@wunderground.com
Rivalee,Paulot,rpaulot8m@mashable.com
Hebert,Lambourn,hlambourn8n@51.la
Urbanus,Olivello,uolivello8o@usatoday.com
Hans,Leifer,hleifer8p@marketwatch.com
Maison,Portis,mportis8q@samsung.com
Kennie,Greetland,kgreetland8r@usnews.com
Norri,Cracie,ncracie8s@soundcloud.com
Deena,Lonsdale,dlonsdale8t@google.ca
Jillie,Copas,jcopas8u@jigsy.com
Bruno,Dyshart,bdyshart8v@bandcamp.com
Nikola,Ambrois,nambrois8w@eepurl.com
Gleda,Buney,gbuney8x@sogou.com
Ruprecht,Kellick,rkellick8y@wordpress.org
Claudelle,Geane,cgeane8z@zdnet.com
Reyna,Liebermann,rliebermann90@canalblog.com
Kara,Crosetto,kcrosetto91@vkontakte.ru
Jillian,Leishman,jleishman92@google.cn
Tarrance,Wilcinskis,twilcinskis93@squarespace.com
Hillard,Waldram,hwaldram94@loc.gov
Courtney,Ibbett,cibbett95@gizmodo.com
Averyl,Bayston,abayston96@tmall.com
Concettina,Budgeon,cbudgeon97@howstuffworks.com
Aubry,Zoephel,azoephel98@army.mil
Berthe,Bravey,bbravey99@quantcast.com
Sascha,Fortun,sfortun9a@comsenz.com
Conan,Boddington,cboddington9b@indiegogo.com
Bernie,Wetwood,bwetwood9c@wikipedia.org
Berthe,Walster,bwalster9d@cafepress.com
Bernadina,Gorges,bgorges9e@ed.gov
Adolpho,Naerup,anaerup9f@booking.com
Cecily,Borkin,cborkin9g@desdev.cn
Tersina,De Gregario,tdegregario9h@cam.ac.uk
Tomas,Sackett,tsackett9i@foxnews.com
Lisabeth,Falla,lfalla9j@moonfruit.com
Isaiah,Chisnell,ichisnell9k@com.com
Charline,Blodgetts,cblodgetts9l@berkeley.edu
Beniamino,Chandlar,bchandlar9m@taobao.com
Pinchas,Berntsson,pberntsson9n@mtv.com
Al,Lambert,alambert9o@yellowpages.com
Hali,Dorrington,hdorrington9p@scribd.com
Washington,Sinkin,wsinkin9q@xinhuanet.com
Mercedes,Francescuzzi,mfrancescuzzi9r@topsy.com
Allin,Hundley,ahundley9s@webs.com
Sheffy,Perillio,sperillio9t@hao123.com
Cullan,Bagger,cbagger9u@hhs.gov
Robinson,Breagan,rbreagan9v@time.com
Leta,Bowery,lbowery9w@deviantart.com
Audrie,Rosas,arosas9x@cafepress.com
Mario,Lorden,mlorden9y@columbia.edu
Nicol,Blewitt,nblewitt9z@un.org
Corabella,Eldridge,celdridgea0@accuweather.com
Jennee,Kingsnode,jkingsnodea1@washingtonpost.com
Sylas,Beidebeke,sbeidebekea2@sohu.com
Florri,Haylett,fhayletta3@google.com.hk
Bernadine,Mahoney,bmahoneya4@ucoz.ru
Marcel,Fallens,mfallensa5@forbes.com
Lorene,Kleinhaus,lkleinhausa6@comcast.net
Grier,Goodlife,ggoodlifea7@wisc.edu
Brita,Jouanny,bjouannya8@blog.com
Britt,Bamlett,bbamletta9@facebook.com
Gerta,Haton,ghatonaa@baidu.com
Gerianna,Godain,ggodainab@simplemachines.org
Marlowe,Cosyns,mcosynsac@baidu.com
Byrom,Whitcher,bwhitcherad@blinklist.com
Bea,Anton,bantonae@google.co.uk
Tedd,Terrans,tterransaf@youtube.com
Averil,Livesay,alivesayag@ifeng.com
Todd,Drewes,tdrewesah@accuweather.com
Tomi,Bisiker,tbisikerai@scientificamerican.com
Leta,Goodsal,lgoodsalaj@goodreads.com
Brit,Ivakin,bivakinak@live.com
Cher,Dinnage,cdinnageal@cmu.edu
Lavina,Heathwood,lheathwoodam@eventbrite.com
Aguistin,Benninck,abenninckan@discuz.net
Heath,Awdry,hawdryao@last.fm
Mariel,Thrasher,mthrasherap@independent.co.uk
Iggy,Simonson,isimonsonaq@acquirethisname.com
Perle,Pritchett,ppritchettar@umn.edu
Nelia,Spencelayh,nspencelayhas@ezinearticles.com
Rivalee,Sangra,rsangraat@themeforest.net
Mirilla,Wall,mwallau@typepad.com
Adelice,Fender,afenderav@senate.gov
Renee,Curtoys,rcurtoysaw@microsoft.com
Griffith,Bravington,gbravingtonax@about.com
Xylina,Burrell,xburrellay@jalbum.net
Elfie,Lanfranconi,elanfranconiaz@123-reg.co.uk
Samson,Basindale,sbasindaleb0@github.io
Ekaterina,Cordet,ecordetb1@canalblog.com
Adriana,Bricknall,abricknallb2@fema.gov
Merry,Scarlett,mscarlettb3@msn.com
Roger,Marple,rmarpleb4@nsw.gov.au
Avictor,Pagnin,apagninb5@vistaprint.com
Leland,Canlin,lcanlinb6@nba.com
Debbie,McFadzean,dmcfadzeanb7@fda.gov
Charmain,McEttigen,cmcettigenb8@wordpress.com
Halette,Nussey,hnusseyb9@ebay.com
Rayner,Brehaut,rbrehautba@indiatimes.com
Gabriel,Kenna,gkennabb@adobe.com
Cornelius,Chad,cchadbc@i2i.jp
Gale,Leyland,gleylandbd@ezinearticles.com
Elbertina,MacCracken,emaccrackenbe@cdc.gov
Poul,Banyard,pbanyardbf@dagondesign.com
Rod,Fink,rfinkbg@jimdo.com
Correy,Starrs,cstarrsbh@bizjournals.com
Sheffield,Cracie,scraciebi@google.de
Ira,Sydenham,isydenhambj@nytimes.com
Petr,Woodgate,pwoodgatebk@hao123.com
Massimo,Duckitt,mduckittbl@hibu.com
Allis,Barkley,abarkleybm@aboutads.info
Ailsun,Macconaghy,amacconaghybn@bandcamp.com
Nani,Rarity,nraritybo@xinhuanet.com
Theresa,Lumly,tlumlybp@cmu.edu
Norris,Rubury,nruburybq@eepurl.com
Catharine,Nassy,cnassybr@odnoklassniki.ru
Jessey,Lyddiard,jlyddiardbs@google.com.hk
Loretta,Holme,lholmebt@springer.com
Sisely,Reoch,sreochbu@list-manage.com
Murvyn,Piecha,mpiechabv@biblegateway.com
Loralyn,Weinmann,lweinmannbw@alibaba.com
Thaddus,Menure,tmenurebx@sina.com.cn
Vanessa,Skerritt,vskerrittby@techcrunch.com
Rolland,Fairlamb,rfairlambbz@samsung.com
Julius,Tomowicz,jtomowiczc0@chron.com
Alfie,Mogie,amogiec1@jimdo.com
Karoly,Fitzroy,kfitzroyc2@intel.com
Kania,Boule,kboulec3@nih.gov
Niven,Whorf,nwhorfc4@google.fr
Glendon,Claussen,gclaussenc5@bizjournals.com
Consuela,Brokenbrow,cbrokenbrowc6@diigo.com
Constantino,McQuin,cmcquinc7@arstechnica.com
Eadmund,Eskriet,eeskrietc8@youtube.com
Aimee,Colenutt,acolenuttc9@amazon.com
Shannon,Bleesing,sbleesingca@e-recht24.de
Neile,Isaac,nisaaccb@spiegel.de
Helli,Gimber,hgimbercc@exblog.jp
Odette,Gerling,ogerlingcd@hud.gov
Arlen,Blakeney,ablakeneyce@sina.com.cn
Maureen,Limprecht,mlimprechtcf@earthlink.net
Alphonse,Verrick,averrickcg@bizjournals.com
Louie,Arndt,larndtch@nhs.uk
Ches,Weippert,cweippertci@exblog.jp
Catriona,Nutbeem,cnutbeemcj@google.de
Ferdie,Poyner,fpoynerck@so-net.ne.jp
Creigh,Carlone,ccarlonecl@cpanel.net
Shelby,Chippindall,schippindallcm@artisteer.com
Dougie,Buttress,dbuttresscn@photobucket.com
Yoko,Brunicke,ybrunickeco@php.net
Jephthah,Aspray,jaspraycp@prlog.org
Waldemar,Dicker,wdickercq@springer.com
Errick,Levi,elevicr@bbb.org
Wally,MacConnal,wmacconnalcs@timesonline.co.uk
Lazare,Wedon,lwedonct@bing.com
Lea,Kirsch,lkirschcu@wiley.com
Huntley,Olyfat,holyfatcv@mtv.com
Maris,Baelde,mbaeldecw@wsj.com
Stanislas,Fishburn,sfishburncx@businessinsider.com
Syd,Ledes,sledescy@stumbleupon.com
Jennifer,Dibdall,jdibdallcz@craigslist.org
Temple,Kusick,tkusickd0@wufoo.com
Rhona,Binns,rbinnsd1@mail.ru
Pavla,Prydie,pprydied2@plala.or.jp
Humberto,Gravenell,hgravenelld3@slashdot.org
Angele,Fossord,afossordd4@deviantart.com
Fidel,Enderson,fendersond5@pen.io
Lissa,Raggles,lragglesd6@cisco.com
Clementius,Bach,cbachd7@springer.com
Margo,Elecum,melecumd8@seesaa.net
Adelina,Stebbings,astebbingsd9@cdbaby.com
Aloisia,Woodroff,awoodroffda@japanpost.jp
Fransisco,Carvell,fcarvelldb@dmoz.org
Janela,Dutt,jduttdc@deliciousdays.com
Libbey,Greswell,lgreswelldd@craigslist.org
Sauveur,Wesgate,swesgatede@examiner.com
Marlo,Krier,mkrierdf@shutterfly.com
August,Redish,aredishdg@webs.com
Pet,Stoffler,pstofflerdh@issuu.com
Sig,Krolle,skrolledi@soup.io
Trixie,Leist,tleistdj@51.la
Kellie,Ewen,kewendk@slate.com
Forest,Hrachovec,fhrachovecdl@jimdo.com
Jonell,Tester,jtesterdm@nba.com
Arlen,Gotcliffe,agotcliffedn@fotki.com
Alvy,Mapham,amaphamdo@java.com
Perry,Filmer,pfilmerdp@hhs.gov
Jyoti,Marikhin,jmarikhindq@berkeley.edu
Dorian,Kittel,dkitteldr@gizmodo.com
Sonia,Scintsbury,sscintsburyds@twitpic.com
Kyla,Andrivel,kandriveldt@squarespace.com
Lotte,Hayle,lhayledu@baidu.com
Hannis,Kerrane,hkerranedv@boston.com
Jaclyn,Rivett,jrivettdw@gmpg.org
Llewellyn,Meagher,lmeagherdx@hibu.com
Gill,Beggio,gbeggiody@nih.gov
Budd,O' Loughran,boloughrandz@discuz.net
Ax,Muscat,amuscate0@tiny.cc
Rose,MacRory,rmacrorye1@woothemes.com
Jorie,Locks,jlockse2@slate.com
Jackie,Pech,jpeche3@google.com.au
Kirk,Caught,kcaughte4@sakura.ne.jp
Tully,McCloughlin,tmccloughline5@dot.gov
Aurore,Shreeves,ashreevese6@yellowpages.com
Betteann,Endricci,bendriccie7@theatlantic.com
Agna,O'Kielt,aokielte8@360.cn
Gabriello,Loud,gloude9@about.com
Anne-corinne,Orthmann,aorthmannea@t-online.de
Sibilla,Boutell,sboutelleb@hexun.com
Joann,Kesby,jkesbyec@vk.com
Correna,Toward,ctowarded@prnewswire.com
Joli,Shevels,jshevelsee@godaddy.com
Charlotte,Courtois,ccourtoisef@shop-pro.jp
Gilly,Goning,ggoningeg@utexas.edu
Haleigh,Finley,hfinleyeh@cloudflare.com
Laraine,Eagell,leagellei@bbc.co.uk
Helaine,Doey,hdoeyej@hibu.com
Philomena,McRobert,pmcrobertek@businesswire.com
Morgen,Cornejo,mcornejoel@cbsnews.com
Chan,Shadrack,cshadrackem@e-recht24.de
Fina,Gerhardt,fgerhardten@infoseek.co.jp
Celle,Antrobus,cantrobuseo@un.org
Torey,Struthers,tstruthersep@ovh.net
Graham,Oxnam,goxnameq@digg.com
Conrado,Blakelock,cblakelocker@sourceforge.net
Faun,Carreck,fcarreckes@jimdo.com
Jacenta,Planks,jplankset@etsy.com
Joey,Locket,jlocketeu@networksolutions.com
Alfred,Behne,abehneev@google.com
Juli,Knightly,jknightlyew@soup.io
Kristoforo,Jotcham,kjotchamex@stanford.edu
Tristam,O'Crotty,tocrottyey@tamu.edu
Ophelie,Tolussi,otolussiez@oaic.gov.au
Dory,Moneti,dmonetif0@home.pl
Dorene,Moulton,dmoultonf1@bbb.org
Millisent,Cawse,mcawsef2@tiny.cc
Rivalee,Gander,rganderf3@google.fr
Cary,Mennithorp,cmennithorpf4@wp.com
Tandy,Petrolli,tpetrollif5@epa.gov
Inga,MacGiolla Pheadair,imacgiollapheadairf6@nih.gov
Maxie,Tilliard,mtilliardf7@businessweek.com
Genny,Beckerleg,gbeckerlegf8@163.com
Free,Bowcock,fbowcockf9@tmall.com
Gwenny,Pohlak,gpohlakfa@sourceforge.net
Kort,Gruczka,kgruczkafb@mac.com
Koralle,Fellows,kfellowsfc@hp.com
Kriste,Mustarde,kmustardefd@spiegel.de
Karie,Kane,kkanefe@constantcontact.com
Darren,Rickards,drickardsff@e-recht24.de
Susi,Dunbabin,sdunbabinfg@360.cn
Solly,Waldera,swalderafh@baidu.com
Cyrus,Olphert,colphertfi@wiley.com
Kirstin,Skett,kskettfj@smugmug.com
Jilleen,Glavis,jglavisfk@dailymotion.com
Dulcinea,Schapiro,dschapirofl@wunderground.com
Sherman,Josskoviz,sjosskovizfm@epa.gov
Golda,Kettell,gkettellfn@mayoclinic.com
Aida,Chalfont,achalfontfo@spotify.com
Abran,Chaster,achasterfp@fema.gov
Odelia,Cutchey,ocutcheyfq@canalblog.com
Claudian,McCleod,cmccleodfr@mapquest.com
Hugh,Stallebrass,hstallebrassfs@constantcontact.com
Brianna,Alvarado,balvaradoft@indiegogo.com
Lee,Wolsey,lwolseyfu@ning.com
Orson,Ruff,orufffv@blogger.com
Gradey,Sparke,gsparkefw@jiathis.com
Nadiya,Lampart,nlampartfx@de.vu
Grannie,Dodshon,gdodshonfy@mit.edu
Theobald,Cristoferi,tcristoferifz@telegraph.co.uk
Lindi,Pointer,lpointerg0@vistaprint.com
Lazarus,Chasmoor,lchasmoorg1@t.co
Esme,Nowell,enowellg2@pagesperso-orange.fr
Caroline,Polden,cpoldeng3@jugem.jp
Yolande,Truman,ytrumang4@nationalgeographic.com
Jamil,Yter,jyterg5@earthlink.net
Amii,Faux,afauxg6@cisco.com
Carmine,De la Yglesia,cdelayglesiag7@mac.com
Tony,Skule,tskuleg8@webmd.com
Tiffanie,Swainston,tswainstong9@seattletimes.com
Jasper,Dilleston,jdillestonga@ibm.com
Cindelyn,McTerry,cmcterrygb@mozilla.com
Zacharias,Bellamy,zbellamygc@narod.ru
Wallie,Siggers,wsiggersgd@kickstarter.com
Caprice,Kisbee,ckisbeege@4shared.com
Lauri,Rushsorth,lrushsorthgf@usa.gov
Caron,Shorte,cshortegg@so-net.ne.jp
Quintina,Rickertsen,qrickertsengh@cam.ac.uk
Alfred,Packham,apackhamgi@usnews.com
Killian,Breton,kbretongj@tuttocitta.it
Andrey,Graysmark,agraysmarkgk@chicagotribune.com
Rutger,Lead,rleadgl@globo.com
Brina,Magee,bmageegm@ucla.edu
Amalie,Gilberthorpe,agilberthorpegn@pcworld.com
Wendell,Kidman,wkidmango@blogtalkradio.com
Teodor,Rykert,trykertgp@mysql.com
Brok,Duns,bdunsgq@nih.gov
Arleyne,Sargant,asargantgr@example.com
Lura,Weightman,lweightmangs@github.io
Oren,Allardyce,oallardycegt@biglobe.ne.jp
Vassili,Gaynor,vgaynorgu@google.de
Sabra,Banfield,sbanfieldgv@house.gov
Eugenio,De Michele,edemichelegw@unc.edu
Roseline,Swiffen,rswiffengx@homestead.com
Reynard,Doyley,rdoyleygy@admin.ch
Allys,Matzeitis,amatzeitisgz@eventbrite.com
Hermia,Cavalier,hcavalierh0@amazon.co.jp
Raffaello,deKnevet,rdekneveth1@rambler.ru
Erl,Gobolos,egobolosh2@livejournal.com
Al,Hursthouse,ahursthouseh3@ox.ac.uk
Waly,Beazey,wbeazeyh4@php.net
Almeda,Shmyr,ashmyrh5@cyberchimps.com
Thorsten,Winks,twinksh6@redcross.org
Jacintha,Potebury,jpoteburyh7@free.fr
Grenville,Dearle,gdearleh8@w3.org
Lindy,Tirkin,ltirkinh9@jiathis.com
Rosita,Lezemere,rlezemereha@unesco.org
Ario,Janikowski,ajanikowskihb@sbwire.com
Desmund,Ewols,dewolshc@storify.com
Bobbie,Mainz,bmainzhd@smugmug.com
Judah,Toppes,jtoppeshe@pbs.org
Melita,Dary,mdaryhf@sbwire.com
Stanfield,Maddams,smaddamshg@usgs.gov
Keefe,Mohring,kmohringhh@hc360.com
Jon,Slamaker,jslamakerhi@themeforest.net
Jolynn,Bothe,jbothehj@elpais.com
Nissy,McArthur,nmcarthurhk@scientificamerican.com
Kelby,Audibert,kaudiberthl@ifeng.com
Clive,Bogays,cbogayshm@imgur.com
Lauren,Bedenham,lbedenhamhn@rambler.ru
Tamqrah,Vedeshkin,tvedeshkinho@odnoklassniki.ru
Paco,Kennsley,pkennsleyhp@gravatar.com
Drucill,Worgan,dworganhq@google.cn
Joellen,Bust,jbusthr@reference.com
Kariotta,Gerrad,kgerradhs@list-manage.com
Sumner,Biaggelli,sbiaggelliht@spotify.com
Arri,Blunkett,ablunketthu@redcross.org
Toddy,Magnus,tmagnushv@ovh.net
Jeremie,Deer,jdeerhw@gravatar.com
Hi,Billyard,hbillyardhx@ted.com
Verla,Spurdle,vspurdlehy@ebay.co.uk
Timmi,Prester,tpresterhz@trellian.com
Stefano,Horley,shorleyi0@technorati.com
Odilia,Arne,oarnei1@google.ru
Rollin,Lowsely,rlowselyi2@bigcartel.com
Hi,Shackell,hshackelli3@earthlink.net
Thorpe,Jemmett,tjemmetti4@imgur.com
Karoly,Bettinson,kbettinsoni5@cam.ac.uk
Sayer,Glendenning,sglendenningi6@pagesperso-orange.fr
Elyssa,Darinton,edarintoni7@taobao.com
Ulrica,Ruddiforth,uruddiforthi8@list-manage.com
Duky,Valsler,dvalsleri9@addthis.com
Trisha,Rickersy,trickersyia@cisco.com
Brnaba,Lerwell,blerwellib@spiegel.de
Demott,Bassingden,dbassingdenic@china.com.cn
Leonie,Cathery,lcatheryid@wikia.com
Kristos,Silbert,ksilbertie@theguardian.com
Arron,Ferber,aferberif@digg.com
Field,Radin,fradinig@wix.com
Mechelle,Brandon,mbrandonih@t-online.de
Linn,Patkin,lpatkinii@indiegogo.com
Colas,Littlekit,clittlekitij@tmall.com
Avram,Ghilardi,aghilardiik@woothemes.com
Haily,Gogie,hgogieil@nifty.com
Doralin,Meadmore,dmeadmoreim@livejournal.com
Sergei,Ormiston,sormistonin@google.co.uk
Moshe,Pettit,mpettitio@nhs.uk
Bibbie,Grahl,bgrahlip@pen.io
Courtnay,Donkersley,cdonkersleyiq@ehow.com
Alexandra,Pedwell,apedwellir@nhs.uk
Hildegarde,Bierman,hbiermanis@linkedin.com
Clo,Waldrum,cwaldrumit@nytimes.com
Cale,Sanper,csanperiu@ovh.net
Gilly,Kolin,gkoliniv@jalbum.net
Edyth,Stuchbury,estuchburyiw@wikia.com
Rickert,Gulland,rgullandix@google.com.hk
Waylin,Mews,wmewsiy@1688.com
Brandea,Chesters,bchestersiz@discuz.net
Gwenette,Verralls,gverrallsj0@yellowbook.com
Adan,Symones,asymonesj1@nih.gov
Maurie,McRobb,mmcrobbj2@bbc.co.uk
Lenka,Wyness,lwynessj3@shutterfly.com
Dilly,Tizard,dtizardj4@amazon.com
Randy,Ginnally,rginnallyj5@businesswire.com
Thurstan,Stannah,tstannahj6@stanford.edu
Caroljean,Downse,cdownsej7@jiathis.com
Galvan,Kelk,gkelkj8@independent.co.uk
Xenos,Formie,xformiej9@yolasite.com
Baron,Duffan,bduffanja@blogs.com
Jim,Dorie,jdoriejb@noaa.gov
Malva,Phebee,mphebeejc@spotify.com
Marv,Erlam,merlamjd@auda.org.au
Wright,Pabel,wpabelje@soundcloud.com
Prisca,Ruperto,prupertojf@newyorker.com
Ruben,Sarson,rsarsonjg@ow.ly
Perry,Loweth,plowethjh@youtube.com
Mel,Montgomery,mmontgomeryji@telegraph.co.uk
Elton,Laflin,elaflinjj@so-net.ne.jp
Jeanna,Jervois,jjervoisjk@bigcartel.com
Eldon,Paver,epaverjl@npr.org
Kippar,Childers,kchildersjm@gnu.org
Godfry,Ashwin,gashwinjn@si.edu
Gena,Spellworth,gspellworthjo@yahoo.co.jp
Audrye,Dargavel,adargaveljp@tamu.edu
Valentine,Redwing,vredwingjq@techcrunch.com
Lay,Sheldon,lsheldonjr@answers.com
Lorettalorna,Kilfoyle,lkilfoylejs@about.me
Virgina,Landy,vlandyjt@tamu.edu
Cyrillus,Vollam,cvollamju@fc2.com
Paige,Offen,poffenjv@about.com
Niven,Eskrigg,neskriggjw@dmoz.org
Maye,Derye-Barrett,mderyebarrettjx@clickbank.net
Nealson,Washtell,nwashtelljy@xing.com
Valery,Bourley,vbourleyjz@omniture.com
Tonya,Nunn,tnunnk0@cyberchimps.com
Ellynn,Heinrich,eheinrichk1@amazon.de
Worthington,Geffinger,wgeffingerk2@npr.org
Jessey,Rickett,jrickettk3@behance.net
Darla,Souter,dsouterk4@youku.com
Ripley,Kilshaw,rkilshawk5@baidu.com
Abra,Wickardt,awickardtk6@archive.org
Eleanore,McCobb,emccobbk7@squarespace.com
Amandi,Martinolli,amartinollik8@mysql.com
Jase,Cheyne,jcheynek9@google.fr
Zandra,Parkins,zparkinska@abc.net.au
Josefina,Bussell,jbussellkb@jalbum.net
Loleta,Elks,lelkskc@hud.gov
Paulina,Dorkins,pdorkinskd@deliciousdays.com
Kettie,Chuck,kchuckke@independent.co.uk
Kally,Itzcak,kitzcakkf@ucoz.com
Rahal,Vampouille,rvampouillekg@about.me
Nollie,Rattenbury,nrattenburykh@4shared.com
Fionnula,Mor,fmorki@plala.or.jp
Vicky,Gitthouse,vgitthousekj@miibeian.gov.cn
Horton,Youster,hyousterkk@disqus.com
Kameko,Boswood,kboswoodkl@i2i.jp
Marinna,Vannet,mvannetkm@reverbnation.com
Shandeigh,Linnemann,slinnemannkn@delicious.com
Charles,Bugs,cbugsko@seesaa.net
Karolina,Rubens,krubenskp@amazon.co.jp
Janaye,Lewens,jlewenskq@mozilla.com
Hunter,Ginnety,hginnetykr@51.la
Aviva,Hillett,ahillettks@constantcontact.com
Ardyth,Hayller,ahayllerkt@unc.edu
Maisey,Putland,mputlandku@sfgate.com
Athene,Cool,acoolkv@sfgate.com
Markus,Stenning,mstenningkw@dedecms.com
Rubetta,Beckham,rbeckhamkx@smh.com.au
Allie,Mingotti,amingottiky@google.ca
Chandler,Vyel,cvyelkz@unc.edu
Clair,Mounfield,cmounfieldl0@nbcnews.com
Ki,Blind,kblindl1@auda.org.au
Isabeau,Chittim,ichittiml2@ibm.com
Roberto,Gallego,rgallegol3@miibeian.gov.cn
Gerty,Guenther,gguentherl4@hao123.com
Luz,Burstowe,lburstowel5@ow.ly
Talyah,Balls,tballsl6@businessinsider.com
Stephani,Nevet,snevetl7@miitbeian.gov.cn
Hynda,Pimmocke,hpimmockel8@symantec.com
Daren,Pluthero,dplutherol9@xinhuanet.com
Michelina,Aumerle,maumerlela@taobao.com
Ty,Creak,tcreaklb@mozilla.com
Weidar,Le - Count,wlecountlc@salon.com
Shelagh,O'Dougherty,sodoughertyld@alexa.com
Melinda,Vanyushkin,mvanyushkinle@google.com.hk
Blondy,Yosselevitch,byosselevitchlf@hud.gov
Elianora,Pollitt,epollittlg@samsung.com
Jarvis,Bonner,jbonnerlh@phoca.cz
Annis,Fleay,afleayli@npr.org
Loni,Besque,lbesquelj@behance.net
Cari,Wackly,cwacklylk@eepurl.com
Hillary,Agate,hagatell@fotki.com
Yard,Shalloo,yshalloolm@examiner.com
Archie,Tolhurst,atolhurstln@goo.gl
Kessiah,Outerbridge,kouterbridgelo@ezinearticles.com
Elysia,Benck,ebencklp@msn.com
Danice,Mattiassi,dmattiassilq@imageshack.us
Merv,Konneke,mkonnekelr@weibo.com
Letitia,Dallicott,ldallicottls@theglobeandmail.com
Nikkie,Farnon,nfarnonlt@naver.com
Goldina,Dumbare,gdumbarelu@usatoday.com
Bogart,McLemon,bmclemonlv@godaddy.com
Jacklyn,Statham,jstathamlw@cocolog-nifty.com
Gerri,Pareman,gparemanlx@imdb.com
Hillel,Hirsch,hhirschly@mashable.com
Willamina,Keddy,wkeddylz@unblog.fr
Quinlan,Draco,qdracom0@ca.gov
Emmerich,Hacon,ehaconm1@123-reg.co.uk
Sheeree,Eseler,seselerm2@miibeian.gov.cn
Fredra,Parrish,fparrishm3@edublogs.org
Carri,Beevers,cbeeversm4@miibeian.gov.cn
Dame,Hansill,dhansillm5@princeton.edu
Kathlin,Fincham,kfinchamm6@csmonitor.com
Merle,Gleadhell,mgleadhellm7@sohu.com
Pearla,Cavaney,pcavaneym8@admin.ch
Mara,Chessor,mchessorm9@google.cn
Beryl,Tremonte,btremontema@geocities.com
Julienne,Freezor,jfreezormb@google.nl
Julie,Pappi,jpappimc@washington.edu
Alanna,Le Pruvost,alepruvostmd@sciencedaily.com
Pail,Been,pbeenme@umich.edu
Shirlee,Scotchford,sscotchfordmf@hp.com
Demetra,Arden,dardenmg@un.org
Cassie,Trewett,ctrewettmh@bloglines.com
Paxton,Vatcher,pvatchermi@economist.com
Reed,Heinritz,rheinritzmj@statcounter.com
Roda,Hartright,rhartrightmk@ihg.com
Konstantin,Mattisson,kmattissonml@miitbeian.gov.cn
Ham,Paule,hpaulemm@wix.com
Natka,Sweeney,nsweeneymn@shop-pro.jp
Silvanus,Tease,steasemo@plala.or.jp
Gwenny,Twort,gtwortmp@wunderground.com
Mitzi,Illingsworth,millingsworthmq@wisc.edu
Rianon,Feehery,rfeeherymr@google.ru
Bat,Giocannoni,bgiocannonims@reuters.com
Feodora,Gley,fgleymt@wsj.com
Skippy,Gartrell,sgartrellmu@symantec.com
Darcy,Fairfoull,dfairfoullmv@huffingtonpost.com
Bonny,Goshawk,bgoshawkmw@yellowbook.com
Zena,Abrahart,zabrahartmx@imgur.com
Bronnie,Messer,bmessermy@eventbrite.com
Harmonie,Foux,hfouxmz@google.nl
Cynde,Lomath,clomathn0@illinois.edu
Carmine,Joyce,cjoycen1@123-reg.co.uk
Bonny,Darycott,bdarycottn2@slashdot.org
Justina,Vlasenkov,jvlasenkovn3@alibaba.com
Kristoforo,Benson,kbensonn4@unicef.org
Jarred,McGuffie,jmcguffien5@gmpg.org
Hortensia,Andrasch,handraschn6@sun.com
Devi,Casswell,dcasswelln7@baidu.com
Flori,Chasteau,fchasteaun8@digg.com
Glori,Ducarne,gducarnen9@google.ru
Nanci,Aguirre,naguirrena@bravesites.com
Aron,Malecky,amaleckynb@ifeng.com
Alix,Juan,ajuannc@gmpg.org
Junette,Fearns,jfearnsnd@devhub.com
Ethelbert,Tinniswood,etinniswoodne@dailymail.co.uk
Merle,Deporte,mdeportenf@arizona.edu
Louisa,Salisbury,lsalisburyng@cmu.edu
Jammie,Fulop,jfulopnh@devhub.com
Milton,Caldaro,mcaldaroni@princeton.edu
Trina,Pedrocco,tpedrocconj@vk.com
Piper,Spires,pspiresnk@dot.gov
Shelley,Caygill,scaygillnl@accuweather.com
Gunther,Verrillo,gverrillonm@washington.edu
Meggi,Pallis,mpallisnn@newyorker.com
Sully,Dahmel,sdahmelno@cargocollective.com
Tammy,Choat,tchoatnp@about.me
Davy,Syde,dsydenq@slashdot.org
Sigismundo,Lambshine,slambshinenr@imgur.com
Bevan,Olivella,bolivellans@printfriendly.com
Cheslie,Digweed,cdigweednt@constantcontact.com
Eilis,Sanzio,esanzionu@mlb.com
Matthieu,Mullender,mmullendernv@tinypic.com
Gizela,Durham,gdurhamnw@weather.com
Krystle,Valerio,kvalerionx@wired.com
Joice,Petrakov,jpetrakovny@hubpages.com
Karlotte,Muston,kmustonnz@nature.com
Noemi,Guerrieri,nguerrierio0@studiopress.com
Ingamar,Solland,isollando1@freewebs.com
Josh,Kleinlerer,jkleinlerero2@taobao.com
Leeanne,Cayton,lcaytono3@ebay.com
Julie,Reasce,jreasceo4@vimeo.com
Quinton,Gorman,qgormano5@nydailynews.com
Odette,Earwaker,oearwakero6@geocities.com
Rosanne,Chree,rchreeo7@nifty.com
Alex,Zanetello,azanetelloo8@wisc.edu
Fran,Cumberbatch,fcumberbatcho9@pagesperso-orange.fr
Amie,Janak,ajanakoa@xinhuanet.com
Ferdinand,Skeermor,fskeermorob@de.vu
Bernadina,Caltun,bcaltunoc@fda.gov
Bevon,Lorenzini,blorenziniod@sphinn.com
Laurella,Manzell,lmanzelloe@theatlantic.com
Susie,Petrillo,spetrilloof@kickstarter.com
Irina,Jubert,ijubertog@github.com
Brockie,Heyns,bheynsoh@tmall.com
Gayelord,Brackley,gbrackleyoi@mashable.com
Rickard,Randalston,rrandalstonoj@telegraph.co.uk
Munroe,Noyce,mnoyceok@skype.com
Roman,Edden,reddenol@wsj.com
Essa,Bennallck,ebennallckom@shinystat.com
Devinne,Rumble,drumbleon@soundcloud.com
Cody,Dodwell,cdodwelloo@bbc.co.uk
Harmonia,Seamark,hseamarkop@fema.gov
Sheffy,Cona,sconaoq@technorati.com
Lockwood,Clapp,lclappor@marriott.com
Nicky,Ruddlesden,nruddlesdenos@posterous.com
Garvin,Amoss,gamossot@webmd.com
Durant,Hurdiss,dhurdissou@wikimedia.org
Babs,Hannigane,bhanniganeov@homestead.com
Hersh,Priest,hpriestow@homestead.com
Shane,Blowing,sblowingox@pen.io
Janith,Charleston,jcharlestonoy@gravatar.com
Eugenie,Beneteau,ebeneteauoz@reference.com
Eileen,Ganniclifft,eganniclifftp0@bluehost.com
Simonne,Golly,sgollyp1@list-manage.com
Collen,Wermerling,cwermerlingp2@uiuc.edu
Cristine,Agglione,cagglionep3@dion.ne.jp
Sukey,Solland,ssollandp4@jalbum.net
Hermie,Tarn,htarnp5@bloomberg.com
Amber,Bogays,abogaysp6@biblegateway.com
Clovis,Leander,cleanderp7@surveymonkey.com
Alberta,Maurice,amauricep8@google.nl
Mellie,Tilford,mtilfordp9@narod.ru
Ardra,McGeachy,amcgeachypa@state.tx.us
Olia,Bachelor,obachelorpb@ibm.com
Isadore,Gebuhr,igebuhrpc@theguardian.com
Dewey,Acklands,dacklandspd@alibaba.com
Harriott,Tonn,htonnpe@barnesandnoble.com
Lorine,Kubik,lkubikpf@sakura.ne.jp
Marsha,Wilshire,mwilshirepg@ezinearticles.com
Leonardo,Fiske,lfiskeph@craigslist.org
Meghan,Sowman,msowmanpi@marriott.com
Merrill,Harland,mharlandpj@eventbrite.com
Arabella,Fairholm,afairholmpk@rakuten.co.jp
Erich,Chiverton,echivertonpl@linkedin.com
Marissa,Dobbin,mdobbinpm@w3.org
Leila,Codling,lcodlingpn@howstuffworks.com
Dosi,Osboldstone,dosboldstonepo@issuu.com
Hedvige,Cuttles,hcuttlespp@google.co.uk
Hy,Higgoe,hhiggoepq@ca.gov
Quintus,Gislebert,qgislebertpr@arizona.edu
Maynord,Seyler,mseylerps@apple.com
Truman,Tendahl,ttendahlpt@biglobe.ne.jp
Celle,Jarrard,cjarrardpu@nifty.com
Rockey,Stratton,rstrattonpv@businessweek.com
Montague,Tembey,mtembeypw@hatena.ne.jp
Betsy,Charlet,bcharletpx@sphinn.com
Nolana,Grice,ngricepy@domainmarket.com
Clarice,Felstead,cfelsteadpz@weebly.com
Crin,McCreery,cmccreeryq0@cbc.ca
Northrop,Chesswas,nchesswasq1@aboutads.info
Remus,Bathow,rbathowq2@wunderground.com
Morton,Pyper,mpyperq3@fc2.com
Kermy,Eastup,keastupq4@nhs.uk
Antonina,Grint,agrintq5@cnn.com
Cahra,Kezar,ckezarq6@bloglovin.com
Lolita,Eastcourt,leastcourtq7@techcrunch.com
Adele,Avraham,aavrahamq8@netvibes.com
Norina,Mylechreest,nmylechreestq9@tumblr.com
Elaine,Imlacke,eimlackeqa@artisteer.com
Galen,McGeever,gmcgeeverqb@forbes.com
Jennilee,Duffus,jduffusqc@sakura.ne.jp
Dolph,Tritten,dtrittenqd@wordpress.org
Ced,Clevely,cclevelyqe@domainmarket.com
Jemimah,Elsop,jelsopqf@indiatimes.com
Shawna,Bradman,sbradmanqg@macromedia.com
Eugenia,Peachey,epeacheyqh@nps.gov
Oliver,Lissaman,olissamanqi@usda.gov
Constantine,McGourty,cmcgourtyqj@adobe.com
Merwyn,Mitchley,mmitchleyqk@ustream.tv
Alys,Baigent,abaigentql@gnu.org
Paulina,Nelhams,pnelhamsqm@reuters.com
Alicia,Connors,aconnorsqn@flickr.com
Garth,Luckey,gluckeyqo@1und1.de
Bibby,Brunini,bbruniniqp@odnoklassniki.ru
Otho,Adin,oadinqq@princeton.edu
Phineas,Lumsdall,plumsdallqr@shutterfly.com
Giff,Martindale,gmartindaleqs@hao123.com
Car,Pykett,cpykettqt@tuttocitta.it
Koral,Hassard,khassardqu@blogspot.com
Guy,Sisey,gsiseyqv@ucsd.edu
Lettie,Walpole,lwalpoleqw@nytimes.com
Constancia,Clarricoates,cclarricoatesqx@ed.gov
Bernhard,Gindghill,bgindghillqy@cdc.gov
Kylie,Trainer,ktrainerqz@zimbio.com
Michaella,Pallin,mpallinr0@e-recht24.de
Jarrett,Freeth,jfreethr1@rakuten.co.jp
Berny,Pecha,bpechar2@independent.co.uk
Maison,Wetwood,mwetwoodr3@nbcnews.com
Arny,Beuscher,abeuscherr4@squarespace.com
Remington,Cran,rcranr5@cornell.edu
Antonetta,Clemmensen,aclemmensenr6@arizona.edu
Katha,Spencer,kspencerr7@va.gov
Pace,Collopy,pcollopyr8@wufoo.com
Courtenay,Clemenson,cclemensonr9@examiner.com
Barbaraanne,Cicci,bciccira@engadget.com
Yoshi,Renals,yrenalsrb@qq.com
Ashby,MacMorland,amacmorlandrc@dagondesign.com
Madelyn,Blondelle,mblondellerd@taobao.com
Caresa,MacKilroe,cmackilroere@springer.com
Bert,Sollars,bsollarsrf@flickr.com
Hort,Garlett,hgarlettrg@ezinearticles.com
Ricoriki,Learned,rlearnedrh@uol.com.br
Dav,Gianullo,dgianullori@patch.com
Dahlia,Clist,dclistrj@businesswire.com
Davie,Perot,dperotrk@ibm.com
Hattie,Kemsley,hkemsleyrl@sbwire.com
Frankie,Poulett,fpoulettrm@ca.gov
Hewitt,Broadhurst,hbroadhurstrn@bandcamp.com
Iolande,Stratten,istrattenro@booking.com
Marcello,Denney,mdenneyrp@constantcontact.com
Philippine,Bedenham,pbedenhamrq@gov.uk
Birch,Cleverly,bcleverlyrr@last.fm
